{
  "className": "TextBox",
  "properties": {
    "AutomaticSize": {
      "Enum": 0
    },
    "BackgroundColor3": [
      0.7372549176216125,
      0.7372549176216125,
      0.7372549176216125
    ],
    "BorderColor3": [
      0.10588236153125763,
      0.16470588743686676,
      0.20784315466880798
    ],
    "BorderMode": {
      "Enum": 0
    },
    "ClearTextOnFocus": false,
    "FontFace": {
      "family": "rbxasset://fonts/families/GothamSSm.json",
      "style": "Normal",
      "weight": "Bold"
    },
    "Position": {
      "UDim2": [
        [
          0.25862085819244385,
          0
        ],
        [
          0.9593750238418579,
          0
        ]
      ]
    },
    "SelectionBehaviorDown": {
      "Enum": 0
    },
    "SelectionBehaviorLeft": {
      "Enum": 0
    },
    "SelectionBehaviorRight": {
      "Enum": 0
    },
    "SelectionBehaviorUp": {
      "Enum": 0
    },
    "Size": {
      "UDim2": [
        [
          0.5966506600379944,
          0
        ],
        [
          0.028624767437577248,
          0
        ]
      ]
    },
    "SizeConstraint": {
      "Enum": 0
    },
    "Text": "",
    "TextColor3": [
      0,
      0,
      0
    ],
    "TextSize": 11,
    "TextWrapped": true,
    "TextXAlignment": {
      "Enum": 0
    }
  }
}