{
  "className": "TextBox",
  "properties": {
    "AutomaticSize": {
      "Enum": 0
    },
    "BackgroundColor3": [
      0.7372549176216125,
      0.7372549176216125,
      0.7372549176216125
    ],
    "BorderColor3": [
      0.10588236153125763,
      0.16470588743686676,
      0.20784315466880798
    ],
    "BorderMode": {
      "Enum": 0
    },
    "ClearTextOnFocus": false,
    "FontFace": {
      "family": "rbxasset://fonts/families/GothamSSm.json",
      "style": "Normal",
      "weight": "Bold"
    },
    "Position": {
      "UDim2": [
        [
          0.013911508955061436,
          0
        ],
        [
          -0.049618903547525406,
          0
        ]
      ]
    },
    "Size": {
      "UDim2": [
        [
          0.8413600325584412,
          0
        ],
        [
          0.04635680839419365,
          0
        ]
      ]
    },
    "SizeConstraint": {
      "Enum": 0
    },
    "Text": "",
    "TextColor3": [
      0,
      0,
      0
    ],
    "TextSize": 16,
    "TextWrapped": true,
    "TextXAlignment": {
      "Enum": 0
    }
  }
}