{
  "className": "Frame",
  "properties": {
    "AnchorPoint": [
      0.5,
      0.5
    ],
    "AutomaticSize": {
      "Enum": 0
    },
    "BackgroundColor3": [
      0,
      0,
      0
    ],
    "BackgroundTransparency": 1,
    "BorderColor3": [
      0.10588236153125763,
      0.16470588743686676,
      0.20784315466880798
    ],
    "BorderMode": {
      "Enum": 0
    },
    "BorderSizePixel": 0,
    "Position": {
      "UDim2": [
        [
          0.5,
          0
        ],
        [
          0.5,
          0
        ]
      ]
    },
    "Size": {
      "UDim2": [
        [
          0.6499999761581421,
          0
        ],
        [
          0.6499999761581421,
          0
        ]
      ]
    },
    "SizeConstraint": {
      "Enum": 0
    }
  }
}