{
  "className": "TextLabel",
  "properties": {
    "AutomaticSize": {
      "Enum": 0
    },
    "BackgroundColor3": [
      0.3137255012989044,
      0.3137255012989044,
      0.3137255012989044
    ],
    "BorderColor3": [
      0.10588236153125763,
      0.16470588743686676,
      0.20784315466880798
    ],
    "BorderMode": {
      "Enum": 0
    },
    "BorderSizePixel": 0,
    "FontFace": {
      "family": "rbxasset://fonts/families/GothamSSm.json",
      "style": "Normal",
      "weight": "Medium"
    },
    "Position": {
      "UDim2": [
        [
          0.33529412746429443,
          0
        ],
        [
          0.2828124761581421,
          0
        ]
      ]
    },
    "Size": {
      "UDim2": [
        [
          0.3294117748737335,
          0
        ],
        [
          0.16968749463558197,
          0
        ]
      ]
    },
    "SizeConstraint": {
      "Enum": 0
    },
    "Text": "70",
    "TextColor3": [
      1,
      1,
      1
    ],
    "TextSize": 14
  }
}