{
  "className": "ScrollingFrame",
  "properties": {
    "AutomaticSize": {
      "Enum": 0
    },
    "BackgroundColor3": [
      0.09803921729326248,
      0.09803921729326248,
      0.09803921729326248
    ],
    "BorderColor3": [
      0,
      0,
      0
    ],
    "BorderMode": {
      "Enum": 0
    },
    "BorderSizePixel": 0,
    "CanvasSize": {
      "UDim2": [
        [
          0,
          0
        ],
        [
          0,
          0
        ]
      ]
    },
    "Position": {
      "UDim2": [
        [
          0.01886792480945587,
          0
        ],
        [
          0.01886792480945587,
          0
        ]
      ]
    },
    "ScrollBarThickness": 6,
    "SelectionBehaviorDown": {
      "Enum": 0
    },
    "SelectionBehaviorLeft": {
      "Enum": 0
    },
    "SelectionBehaviorRight": {
      "Enum": 0
    },
    "SelectionBehaviorUp": {
      "Enum": 0
    },
    "Size": {
      "UDim2": [
        [
          0.9622641801834106,
          0
        ],
        [
          0.849056601524353,
          0
        ]
      ]
    },
    "SizeConstraint": {
      "Enum": 0
    }
  }
}