{
  "className": "TextButton",
  "properties": {
    "AnchorPoint": [
      0.5,
      0
    ],
    "AutomaticSize": {
      "Enum": 0
    },
    "BackgroundColor3": [
      1,
      1,
      1
    ],
    "BorderColor3": [
      0.10588236153125763,
      0.16470588743686676,
      0.20784315466880798
    ],
    "BorderMode": {
      "Enum": 0
    },
    "FontFace": {
      "family": "rbxasset://fonts/families/GothamSSm.json",
      "style": "Normal",
      "weight": "Medium"
    },
    "Position": {
      "UDim2": [
        [
          0.4097769260406494,
          0
        ],
        [
          0.46258774399757385,
          0
        ]
      ]
    },
    "Size": {
      "UDim2": [
        [
          0.20000000298023224,
          0
        ],
        [
          0.04100000113248825,
          0
        ]
      ]
    },
    "SizeConstraint": {
      "Enum": 0
    },
    "Text": "Set Chat Keybind",
    "TextColor3": [
      0,
      0,
      0
    ],
    "TextScaled": true,
    "TextSize": 14,
    "TextWrapped": true
  }
}