{
  "className": "Frame",
  "properties": {
    "AutomaticSize": {
      "Enum": 0
    },
    "BackgroundColor3": [
      0.10980392247438431,
      0.10980392247438431,
      0.10980392247438431
    ],
    "BackgroundTransparency": 0.44999998807907104,
    "BorderColor3": [
      0,
      0,
      0
    ],
    "BorderMode": {
      "Enum": 0
    },
    "BorderSizePixel": 0,
    "LayoutOrder": 1,
    "Size": {
      "UDim2": [
        [
          1,
          0
        ],
        [
          0.23653899133205414,
          0
        ]
      ]
    },
    "SizeConstraint": {
      "Enum": 0
    }
  }
}