{
  "className": "Frame",
  "properties": {
    "AutomaticSize": {
      "Enum": 0
    },
    "BackgroundColor3": [
      0.10980392247438431,
      0.10980392247438431,
      0.10980392247438431
    ],
    "BackgroundTransparency": 0.44999998807907104,
    "BorderColor3": [
      0,
      0,
      0
    ],
    "BorderMode": {
      "Enum": 0
    },
    "BorderSizePixel": 0,
    "LayoutOrder": 1,
    "Position": {
      "UDim2": [
        [
          0,
          0
        ],
        [
          3.439635776203431e-8,
          0
        ]
      ]
    },
    "Size": {
      "UDim2": [
        [
          1,
          0
        ],
        [
          0.10999999940395355,
          0
        ]
      ]
    },
    "SizeConstraint": {
      "Enum": 0
    }
  }
}