{
  "className": "Frame",
  "properties": {
    "AutomaticSize": {
      "Enum": 0
    },
    "BackgroundColor3": [
      0.06666667014360428,
      0.06666667014360428,
      0.06666667014360428
    ],
    "BorderColor3": [
      0.10588236153125763,
      0.16470588743686676,
      0.20784315466880798
    ],
    "BorderMode": {
      "Enum": 0
    },
    "Position": {
      "UDim2": [
        [
          0.009999999776482582,
          0
        ],
        [
          0.019999999552965164,
          0
        ]
      ]
    },
    "Size": {
      "UDim2": [
        [
          0.5,
          0
        ],
        [
          0.07500000298023224,
          0
        ]
      ]
    },
    "SizeConstraint": {
      "Enum": 0
    },
    "Visible": false
  }
}