{
  "className": "Frame",
  "properties": {
    "AutomaticSize": {
      "Enum": 0
    },
    "BackgroundColor3": [
      1,
      1,
      1
    ],
    "BorderColor3": [
      0.10588236153125763,
      0.16470588743686676,
      0.20784315466880798
    ],
    "BorderMode": {
      "Enum": 0
    },
    "BorderSizePixel": 0,
    "Position": {
      "UDim2": [
        [
          0,
          0
        ],
        [
          -0.10000000149011612,
          0
        ]
      ]
    },
    "Size": {
      "UDim2": [
        [
          1,
          0
        ],
        [
          0.10000000149011612,
          0
        ]
      ]
    },
    "SizeConstraint": {
      "Enum": 0
    }
  }
}