{
  "className": "Frame",
  "properties": {
    "AnchorPoint": [
      0.5,
      0.5
    ],
    "AutomaticSize": {
      "Enum": 0
    },
    "BackgroundColor3": [
      0.13725490868091583,
      0.13725490868091583,
      0.13725490868091583
    ],
    "BorderColor3": [
      0.10588236153125763,
      0.16470588743686676,
      0.20784315466880798
    ],
    "BorderMode": {
      "Enum": 0
    },
    "BorderSizePixel": 0,
    "Position": {
      "UDim2": [
        [
          0.5836971998214722,
          0
        ],
        [
          0.5,
          0
        ]
      ]
    },
    "SelectionBehaviorDown": {
      "Enum": 0
    },
    "SelectionBehaviorLeft": {
      "Enum": 0
    },
    "SelectionBehaviorRight": {
      "Enum": 0
    },
    "SelectionBehaviorUp": {
      "Enum": 0
    },
    "Size": {
      "UDim2": [
        [
          0,
          470
        ],
        [
          0,
          441
        ]
      ]
    },
    "SizeConstraint": {
      "Enum": 0
    }
  }
}