{
  "className": "Frame",
  "properties": {
    "AnchorPoint": [
      1,
      0
    ],
    "AutomaticSize": {
      "Enum": 0
    },
    "BackgroundColor3": [
      0.06666667014360428,
      0.06666667014360428,
      0.06666667014360428
    ],
    "BorderColor3": [
      0.10588236153125763,
      0.16470588743686676,
      0.20784315466880798
    ],
    "BorderMode": {
      "Enum": 0
    },
    "Position": {
      "UDim2": [
        [
          0.9900000095367432,
          0
        ],
        [
          0.36000001430511475,
          0
        ]
      ]
    },
    "Size": {
      "UDim2": [
        [
          0.30000001192092896,
          0
        ],
        [
          0.15000000596046448,
          0
        ]
      ]
    },
    "SizeConstraint": {
      "Enum": 0
    },
    "Visible": false
  }
}