{
  "className": "Frame",
  "properties": {
    "AutomaticSize": {
      "Enum": 0
    },
    "BackgroundColor3": [
      1,
      0.09803922474384308,
      1
    ],
    "BackgroundTransparency": 0.699999988079071,
    "BorderColor3": [
      0.10588236153125763,
      0.16470588743686676,
      0.20784315466880798
    ],
    "BorderMode": {
      "Enum": 0
    },
    "BorderSizePixel": 0,
    "LayoutOrder": 3,
    "Position": {
      "UDim2": [
        [
          0,
          0
        ],
        [
          0.38949620723724365,
          0
        ]
      ]
    },
    "Size": {
      "UDim2": [
        [
          1,
          0
        ],
        [
          0.011239293031394482,
          0
        ]
      ]
    },
    "SizeConstraint": {
      "Enum": 0
    }
  }
}