{
  "className": "Frame",
  "properties": {
    "AutomaticSize": {
      "Enum": 0
    },
    "BackgroundColor3": [
      1,
      1,
      1
    ],
    "BackgroundTransparency": 1,
    "BorderColor3": [
      0.10588236153125763,
      0.16470588743686676,
      0.20784315466880798
    ],
    "BorderMode": {
      "Enum": 0
    },
    "ClipsDescendants": true,
    "Position": {
      "UDim2": [
        [
          0.35406363010406494,
          0
        ],
        [
          0.01249999925494194,
          0
        ]
      ]
    },
    "SelectionBehaviorDown": {
      "Enum": 0
    },
    "SelectionBehaviorLeft": {
      "Enum": 0
    },
    "SelectionBehaviorRight": {
      "Enum": 0
    },
    "SelectionBehaviorUp": {
      "Enum": 0
    },
    "Size": {
      "UDim2": [
        [
          0.2869136333465576,
          0
        ],
        [
          0.6624999642372131,
          0
        ]
      ]
    },
    "SizeConstraint": {
      "Enum": 0
    }
  }
}