{
  "className": "Frame",
  "properties": {
    "AutomaticSize": {
      "Enum": 0
    },
    "BackgroundColor3": [
      0.11372549831867218,
      0.1098039299249649,
      0.11372549831867218
    ],
    "BorderMode": {
      "Enum": 0
    },
    "Position": {
      "UDim2": [
        [
          0.19074103236198425,
          0
        ],
        [
          1.0356644253306513e-7,
          0
        ]
      ]
    },
    "SelectionBehaviorDown": {
      "Enum": 0
    },
    "SelectionBehaviorLeft": {
      "Enum": 0
    },
    "SelectionBehaviorRight": {
      "Enum": 0
    },
    "SelectionBehaviorUp": {
      "Enum": 0
    },
    "Size": {
      "UDim2": [
        [
          0.15511192381381989,
          0
        ],
        [
          0.9079638719558716,
          0
        ]
      ]
    },
    "SizeConstraint": {
      "Enum": 0
    }
  }
}