{
  "className": "ScrollingFrame",
  "properties": {
    "Active": true,
    "AutomaticSize": {
      "Enum": 0
    },
    "BackgroundColor3": [
      0.09803921729326248,
      0.09803921729326248,
      0.09803921729326248
    ],
    "BackgroundTransparency": 1,
    "BorderColor3": [
      0,
      0,
      0
    ],
    "BorderMode": {
      "Enum": 0
    },
    "BorderSizePixel": 0,
    "CanvasSize": {
      "UDim2": [
        [
          0,
          0
        ],
        [
          0,
          0
        ]
      ]
    },
    "Position": {
      "UDim2": [
        [
          0.017241379246115685,
          0
        ],
        [
          0.01249999925494194,
          0
        ]
      ]
    },
    "ScrollBarThickness": 8,
    "Size": {
      "UDim2": [
        [
          0.9655172228813171,
          0
        ],
        [
          0.8874999284744263,
          0
        ]
      ]
    },
    "SizeConstraint": {
      "Enum": 0
    }
  }
}