{
  "className": "Frame",
  "properties": {
    "AutomaticSize": {
      "Enum": 0
    },
    "BackgroundColor3": [
      1,
      1,
      1
    ],
    "BackgroundTransparency": 1,
    "BorderColor3": [
      0.10588236153125763,
      0.16470588743686676,
      0.20784315466880798
    ],
    "BorderMode": {
      "Enum": 0
    },
    "Position": {
      "UDim2": [
        [
          0.5,
          0
        ],
        [
          0.5090624690055847,
          0
        ]
      ]
    },
    "Size": {
      "UDim2": [
        [
          0.5,
          0
        ],
        [
          1,
          0
        ]
      ]
    },
    "SizeConstraint": {
      "Enum": 0
    }
  }
}