{
  "className": "Frame",
  "properties": {
    "AnchorPoint": [
      0,
      1
    ],
    "AutomaticSize": {
      "Enum": 0
    },
    "BackgroundColor3": [
      0.08627451211214066,
      0.08627451211214066,
      0.08627451211214066
    ],
    "BorderColor3": [
      0.10588236153125763,
      0.16470588743686676,
      0.20784315466880798
    ],
    "BorderMode": {
      "Enum": 0
    },
    "BorderSizePixel": 0,
    "Position": {
      "UDim2": [
        [
          0,
          0
        ],
        [
          1,
          0
        ]
      ]
    },
    "SelectionBehaviorDown": {
      "Enum": 0
    },
    "SelectionBehaviorLeft": {
      "Enum": 0
    },
    "SelectionBehaviorRight": {
      "Enum": 0
    },
    "SelectionBehaviorUp": {
      "Enum": 0
    },
    "Size": {
      "UDim2": [
        [
          1,
          0
        ],
        [
          0.05000000074505806,
          0
        ]
      ]
    },
    "SizeConstraint": {
      "Enum": 0
    }
  }
}