{
  "className": "TextLabel",
  "properties": {
    "AutomaticSize": {
      "Enum": 0
    },
    "BackgroundColor3": [
      0.24313727021217346,
      0.24313727021217346,
      0.24313727021217346
    ],
    "BackgroundTransparency": 1,
    "BorderColor3": [
      0.10588236153125763,
      0.16470588743686676,
      0.20784315466880798
    ],
    "BorderMode": {
      "Enum": 0
    },
    "BorderSizePixel": 0,
    "FontFace": {
      "family": "rbxasset://fonts/families/GothamSSm.json",
      "style": "Normal",
      "weight": "Medium"
    },
    "Position": {
      "UDim2": [
        [
          0.014285714365541935,
          0
        ],
        [
          0.013812154531478882,
          0
        ]
      ]
    },
    "Size": {
      "UDim2": [
        [
          0.9714285731315613,
          0
        ],
        [
          0.05524861812591553,
          0
        ]
      ]
    },
    "SizeConstraint": {
      "Enum": 0
    },
    "Text": "Skins",
    "TextColor3": [
      0.4549019932746887,
      0.4549019932746887,
      0.4549019932746887
    ],
    "TextScaled": true,
    "TextSize": 60,
    "TextWrapped": true
  }
}