{
  "className": "Frame",
  "properties": {
    "AutomaticSize": {
      "Enum": 0
    },
    "BackgroundColor3": [
      0.04313725605607033,
      0.04313725605607033,
      0.04313725605607033
    ],
    "BackgroundTransparency": 1,
    "BorderColor3": [
      0.10588236153125763,
      0.16470588743686676,
      0.20784315466880798
    ],
    "BorderMode": {
      "Enum": 0
    },
    "Position": {
      "UDim2": [
        [
          0.03999999910593033,
          0
        ],
        [
          0.20000000298023224,
          0
        ]
      ]
    },
    "Size": {
      "UDim2": [
        [
          0.9200000166893005,
          0
        ],
        [
          0.75,
          0
        ]
      ]
    },
    "SizeConstraint": {
      "Enum": 0
    }
  }
}