{
  "className": "Frame",
  "properties": {
    "AutomaticSize": {
      "Enum": 0
    },
    "BackgroundColor3": [
      0,
      0,
      0
    ],
    "BackgroundTransparency": 1,
    "BorderColor3": [
      0.10588236153125763,
      0.16470588743686676,
      0.20784315466880798
    ],
    "BorderMode": {
      "Enum": 0
    },
    "BorderSizePixel": 0,
    "Position": {
      "UDim2": [
        [
          0.5849056839942932,
          0
        ],
        [
          0.4307692348957062,
          0
        ]
      ]
    },
    "SelectionBehaviorDown": {
      "Enum": 0
    },
    "SelectionBehaviorLeft": {
      "Enum": 0
    },
    "SelectionBehaviorRight": {
      "Enum": 0
    },
    "SelectionBehaviorUp": {
      "Enum": 0
    },
    "Size": {
      "UDim2": [
        [
          0.3962264060974121,
          0
        ],
        [
          0.4615384638309479,
          0
        ]
      ]
    },
    "SizeConstraint": {
      "Enum": 0
    }
  }
}