{
  "className": "TextLabel",
  "properties": {
    "AutomaticSize": {
      "Enum": 0
    },
    "BackgroundColor3": [
      1,
      1,
      1
    ],
    "BackgroundTransparency": 1,
    "BorderColor3": [
      0.10588236153125763,
      0.16470588743686676,
      0.20784315466880798
    ],
    "BorderMode": {
      "Enum": 0
    },
    "BorderSizePixel": 0,
    "FontFace": {
      "family": "rbxasset://fonts/families/Arial.json",
      "style": "Normal",
      "weight": "Bold"
    },
    "Position": {
      "UDim2": [
        [
          0.0181818176060915,
          0
        ],
        [
          0.01249999925494194,
          0
        ]
      ]
    },
    "Size": {
      "UDim2": [
        [
          0.9636363387107849,
          0
        ],
        [
          0.04999999701976776,
          0
        ]
      ]
    },
    "SizeConstraint": {
      "Enum": 0
    },
    "Text": "",
    "TextColor3": [
      1,
      1,
      1
    ],
    "TextSize": 14,
    "TextStrokeTransparency": 0
  }
}