{
  "className": "Frame",
  "properties": {
    "AutomaticSize": {
      "Enum": 0
    },
    "BackgroundColor3": [
      0.1725490242242813,
      0.1725490242242813,
      0.1725490242242813
    ],
    "BackgroundTransparency": 0.6000000238418579,
    "BorderColor3": [
      0.10588236153125763,
      0.16470588743686676,
      0.20784315466880798
    ],
    "BorderMode": {
      "Enum": 0
    },
    "BorderSizePixel": 0,
    "Position": {
      "UDim2": [
        [
          0,
          0
        ],
        [
          0.9883551597595215,
          0
        ]
      ]
    },
    "SelectionBehaviorDown": {
      "Enum": 0
    },
    "SelectionBehaviorLeft": {
      "Enum": 0
    },
    "SelectionBehaviorRight": {
      "Enum": 0
    },
    "SelectionBehaviorUp": {
      "Enum": 0
    },
    "Size": {
      "UDim2": [
        [
          1,
          0
        ],
        [
          0.024745268747210503,
          0
        ]
      ]
    },
    "SizeConstraint": {
      "Enum": 0
    }
  }
}