{
  "className": "ImageLabel",
  "properties": {
    "AutomaticSize": {
      "Enum": 0
    },
    "BackgroundColor3": [
      0,
      0,
      0
    ],
    "BorderColor3": [
      0.10588236153125763,
      0.16470588743686676,
      0.20784315466880798
    ],
    "BorderMode": {
      "Enum": 0
    },
    "BorderSizePixel": 0,
    "Position": {
      "UDim2": [
        [
          0.014285714365541935,
          0
        ],
        [
          0.09090909361839294,
          0
        ]
      ]
    },
    "Size": {
      "UDim2": [
        [
          0.20000000298023224,
          0
        ],
        [
          1.2727272510528564,
          0
        ]
      ]
    },
    "SizeConstraint": {
      "Enum": 0
    }
  }
}