{
  "className": "TextLabel",
  "properties": {
    "AnchorPoint": [
      0,
      0.5
    ],
    "AutomaticSize": {
      "Enum": 0
    },
    "BackgroundColor3": [
      1,
      1,
      1
    ],
    "BackgroundTransparency": 1,
    "BorderColor3": [
      0.10588236153125763,
      0.16470588743686676,
      0.20784315466880798
    ],
    "BorderMode": {
      "Enum": 0
    },
    "FontFace": {
      "family": "rbxasset://fonts/families/SourceSansPro.json",
      "style": "Normal",
      "weight": "Light"
    },
    "Position": {
      "UDim2": [
        [
          0.005582159385085106,
          0
        ],
        [
          0.07454890757799149,
          0
        ]
      ]
    },
    "Size": {
      "UDim2": [
        [
          0.684097409248352,
          0
        ],
        [
          0.07999999821186066,
          0
        ]
      ]
    },
    "SizeConstraint": {
      "Enum": 0
    },
    "Text": "yrriyteit7i75",
    "TextColor3": [
      1,
      1,
      1
    ],
    "TextScaled": true,
    "TextSize": 14,
    "TextWrapped": true
  }
}