{
  "className": "TextBox",
  "properties": {
    "AutomaticSize": {
      "Enum": 0
    },
    "BackgroundColor3": [
      0.3137255012989044,
      0.3137255012989044,
      0.3137255012989044
    ],
    "BorderColor3": [
      0.10588236153125763,
      0.16470588743686676,
      0.20784315466880798
    ],
    "BorderMode": {
      "Enum": 0
    },
    "FontFace": {
      "family": "rbxasset://fonts/families/GothamSSm.json",
      "style": "Normal",
      "weight": "Medium"
    },
    "PlaceholderColor3": [
      1,
      1,
      1
    ],
    "Position": {
      "UDim2": [
        [
          0.1945851892232895,
          0
        ],
        [
          0.2828124761581421,
          0
        ]
      ]
    },
    "SelectionBehaviorDown": {
      "Enum": 0
    },
    "SelectionBehaviorLeft": {
      "Enum": 0
    },
    "SelectionBehaviorRight": {
      "Enum": 0
    },
    "SelectionBehaviorUp": {
      "Enum": 0
    },
    "Size": {
      "UDim2": [
        [
          0.46357613801956177,
          0
        ],
        [
          0.16968749463558197,
          0
        ]
      ]
    },
    "SizeConstraint": {
      "Enum": 0
    },
    "Text": "Default",
    "TextColor3": [
      1,
      1,
      1
    ],
    "TextScaled": true,
    "TextSize": 14,
    "TextWrapped": true
  }
}