{
  "className": "Frame",
  "properties": {
    "AnchorPoint": [
      0.5,
      0.5
    ],
    "AutomaticSize": {
      "Enum": 0
    },
    "BackgroundColor3": [
      0.13725490868091583,
      0.13725490868091583,
      0.13725490868091583
    ],
    "BorderColor3": [
      0.10588236153125763,
      0.16470588743686676,
      0.20784315466880798
    ],
    "BorderMode": {
      "Enum": 0
    },
    "BorderSizePixel": 0,
    "Position": {
      "UDim2": [
        [
          0.5971970558166504,
          0
        ],
        [
          0.5,
          0
        ]
      ]
    },
    "Size": {
      "UDim2": [
        [
          0.8056060075759888,
          0
        ],
        [
          1,
          0
        ]
      ]
    },
    "SizeConstraint": {
      "Enum": 0
    },
    "Visible": false
  }
}