{
  "className": "Frame",
  "properties": {
    "AnchorPoint": [
      0,
      1
    ],
    "AutomaticSize": {
      "Enum": 0
    },
    "BackgroundColor3": [
      0.18039216101169586,
      0.18039216101169586,
      0.18039216101169586
    ],
    "BorderColor3": [
      0.10588236153125763,
      0.16470588743686676,
      0.20784315466880798
    ],
    "BorderMode": {
      "Enum": 0
    },
    "BorderSizePixel": 0,
    "Position": {
      "UDim2": [
        [
          0.1557202935218811,
          0
        ],
        [
          1,
          0
        ]
      ]
    },
    "SelectionBehaviorDown": {
      "Enum": 0
    },
    "SelectionBehaviorLeft": {
      "Enum": 0
    },
    "SelectionBehaviorRight": {
      "Enum": 0
    },
    "SelectionBehaviorUp": {
      "Enum": 0
    },
    "Size": {
      "UDim2": [
        [
          0.6186261177062988,
          0
        ],
        [
          2.692692756652832,
          0
        ]
      ]
    },
    "SizeConstraint": {
      "Enum": 0
    }
  }
}