{
  "className": "TextLabel",
  "properties": {
    "AutomaticSize": {
      "Enum": 0
    },
    "BackgroundColor3": [
      1,
      1,
      1
    ],
    "BackgroundTransparency": 1,
    "BorderColor3": [
      0.10588236153125763,
      0.16470588743686676,
      0.20784315466880798
    ],
    "BorderMode": {
      "Enum": 0
    },
    "BorderSizePixel": 0,
    "FontFace": {
      "family": "rbxasset://fonts/families/GothamSSm.json",
      "style": "Normal",
      "weight": "Medium"
    },
    "Position": {
      "UDim2": [
        [
          0.01600000075995922,
          0
        ],
        [
          0.32499998807907104,
          0
        ]
      ]
    },
    "Size": {
      "UDim2": [
        [
          0.5,
          0
        ],
        [
          0.05000000074505806,
          0
        ]
      ]
    },
    "SizeConstraint": {
      "Enum": 0
    },
    "Text": "Play Rating: 0.21",
    "TextColor3": [
      0.6499999761581421,
      0.6499999761581421,
      0.6499999761581421
    ],
    "TextSize": 10,
    "TextStrokeTransparency": 0,
    "TextWrapped": true,
    "TextXAlignment": {
      "Enum": 0
    }
  }
}