{
  "className": "ImageButton",
  "properties": {
    "AnchorPoint": [
      1,
      1
    ],
    "AutoButtonColor": false,
    "AutomaticSize": {
      "Enum": 0
    },
    "BackgroundColor3": [
      0.06666667014360428,
      0.06666667014360428,
      0.06666667014360428
    ],
    "BackgroundTransparency": 1,
    "BorderColor3": [
      0.10588236153125763,
      0.16470588743686676,
      0.20784315466880798
    ],
    "BorderMode": {
      "Enum": 0
    },
    "BorderSizePixel": 0,
    "ImageContent": "rbxassetid://5779931881",
    "ImageTransparency": 1,
    "Modal": true,
    "Position": {
      "UDim2": [
        [
          0.9750000238418579,
          0
        ],
        [
          0.8899999856948853,
          0
        ]
      ]
    },
    "ScaleType": {
      "Enum": 3
    },
    "SelectionBehaviorDown": {
      "Enum": 0
    },
    "SelectionBehaviorLeft": {
      "Enum": 0
    },
    "SelectionBehaviorRight": {
      "Enum": 0
    },
    "SelectionBehaviorUp": {
      "Enum": 0
    },
    "Size": {
      "UDim2": [
        [
          0.4000000059604645,
          0
        ],
        [
          0.17499999701976776,
          0
        ]
      ]
    },
    "SizeConstraint": {
      "Enum": 0
    },
    "Style": {
      "Enum": 0
    },
    "Visible": false
  }
}