{
  "className": "TextButton",
  "properties": {
    "Active": false,
    "AutomaticSize": {
      "Enum": 0
    },
    "BackgroundColor3": [
      0.7803921699523926,
      0.18431372940540314,
      0.18431372940540314
    ],
    "BorderColor3": [
      0,
      0,
      0
    ],
    "BorderMode": {
      "Enum": 0
    },
    "BorderSizePixel": 0,
    "FontFace": {
      "family": "rbxasset://fonts/families/GothamSSm.json",
      "style": "Normal",
      "weight": "Medium"
    },
    "Position": {
      "UDim2": [
        [
          0.4150943458080292,
          0
        ],
        [
          0.8867924809455872,
          0
        ]
      ]
    },
    "Size": {
      "UDim2": [
        [
          0.15094339847564697,
          0
        ],
        [
          0.09433962404727936,
          0
        ]
      ]
    },
    "SizeConstraint": {
      "Enum": 0
    },
    "Text": "Kick",
    "TextColor3": [
      0,
      0,
      0
    ],
    "TextSize": 12
  }
}