{
  "className": "Frame",
  "properties": {
    "AnchorPoint": [
      0,
      1
    ],
    "AutomaticSize": {
      "Enum": 0
    },
    "BackgroundColor3": [
      1,
      1,
      1
    ],
    "BorderColor3": [
      0.10588236153125763,
      0.16470588743686676,
      0.20784315466880798
    ],
    "BorderMode": {
      "Enum": 0
    },
    "Position": {
      "UDim2": [
        [
          0.2800000011920929,
          0
        ],
        [
          0.925000011920929,
          0
        ]
      ]
    },
    "Size": {
      "UDim2": [
        [
          0.699999988079071,
          0
        ],
        [
          0.07500000298023224,
          0
        ]
      ]
    },
    "SizeConstraint": {
      "Enum": 0
    }
  }
}