{
  "className": "Frame",
  "properties": {
    "AutomaticSize": {
      "Enum": 0
    },
    "BackgroundColor3": [
      0.09803921729326248,
      0.09803921729326248,
      0.09803921729326248
    ],
    "BorderColor3": [
      0.10588236153125763,
      0.16470588743686676,
      0.20784315466880798
    ],
    "BorderMode": {
      "Enum": 0
    },
    "BorderSizePixel": 0,
    "Position": {
      "UDim2": [
        [
          0.0181818176060915,
          0
        ],
        [
          0.0624999962747097,
          0
        ]
      ]
    },
    "Size": {
      "UDim2": [
        [
          0.9636363387107849,
          0
        ],
        [
          0.6624999642372131,
          0
        ]
      ]
    },
    "SizeConstraint": {
      "Enum": 0
    }
  }
}