{
  "className": "ImageButton",
  "properties": {
    "AutoButtonColor": false,
    "AutomaticSize": {
      "Enum": 0
    },
    "BackgroundColor3": [
      0.06666667014360428,
      0.06666667014360428,
      0.06666667014360428
    ],
    "BorderColor3": [
      0.10588236153125763,
      0.16470588743686676,
      0.20784315466880798
    ],
    "BorderMode": {
      "Enum": 0
    },
    "BorderSizePixel": 0,
    "ImageTransparency": 1,
    "Position": {
      "UDim2": [
        [
          0.02500000037252903,
          0
        ],
        [
          0.42500001192092896,
          0
        ]
      ]
    },
    "SelectionBehaviorDown": {
      "Enum": 0
    },
    "SelectionBehaviorLeft": {
      "Enum": 0
    },
    "SelectionBehaviorRight": {
      "Enum": 0
    },
    "SelectionBehaviorUp": {
      "Enum": 0
    },
    "Size": {
      "UDim2": [
        [
          0.30000001192092896,
          0
        ],
        [
          0.07500000298023224,
          0
        ]
      ]
    },
    "SizeConstraint": {
      "Enum": 0
    },
    "Style": {
      "Enum": 0
    }
  }
}