{
  "className": "TextButton",
  "properties": {
    "AutomaticSize": {
      "Enum": 0
    },
    "BackgroundColor3": [
      1,
      0,
      0
    ],
    "BorderColor3": [
      0.10588236153125763,
      0.16470588743686676,
      0.20784315466880798
    ],
    "BorderMode": {
      "Enum": 0
    },
    "FontFace": {
      "family": "rbxasset://fonts/families/GothamSSm.json",
      "style": "Normal",
      "weight": "Medium"
    },
    "Position": {
      "UDim2": [
        [
          0.19458512961864471,
          0
        ],
        [
          0.6221874356269836,
          0
        ]
      ]
    },
    "Size": {
      "UDim2": [
        [
          0.5726528763771057,
          0
        ],
        [
          0.2828124761581421,
          0
        ]
      ]
    },
    "SizeConstraint": {
      "Enum": 0
    },
    "Text": "Arrow",
    "TextColor3": [
      1,
      1,
      1
    ],
    "TextSize": 15,
    "TextStrokeTransparency": 0,
    "TextWrapped": true
  }
}