{
  "className": "Frame",
  "properties": {
    "AutomaticSize": {
      "Enum": 0
    },
    "BackgroundColor3": [
      0.0784313753247261,
      0.0784313753247261,
      0.0784313753247261
    ],
    "BackgroundTransparency": 0.8500000238418579,
    "BorderColor3": [
      0.10588236153125763,
      0.16470588743686676,
      0.20784315466880798
    ],
    "BorderMode": {
      "Enum": 0
    },
    "BorderSizePixel": 2,
    "SelectionBehaviorDown": {
      "Enum": 0
    },
    "SelectionBehaviorLeft": {
      "Enum": 0
    },
    "SelectionBehaviorRight": {
      "Enum": 0
    },
    "SelectionBehaviorUp": {
      "Enum": 0
    },
    "Size": {
      "UDim2": [
        [
          0.9999997615814209,
          0
        ],
        [
          -0.0011611268855631351,
          45
        ]
      ]
    },
    "SizeConstraint": {
      "Enum": 0
    },
    "Tags": [
      "Template"
    ]
  }
}