{
  "className": "TextButton",
  "properties": {
    "AutomaticSize": {
      "Enum": 0
    },
    "BackgroundColor3": [
      0.7803921699523926,
      0.18431372940540314,
      0.18431372940540314
    ],
    "BorderColor3": [
      0,
      0,
      0
    ],
    "BorderMode": {
      "Enum": 0
    },
    "BorderSizePixel": 2,
    "FontFace": {
      "family": "rbxasset://fonts/families/GothamSSm.json",
      "style": "Normal",
      "weight": "Medium"
    },
    "Position": {
      "UDim2": [
        [
          0.0019898221362382174,
          0
        ],
        [
          0.9250806570053101,
          0
        ]
      ]
    },
    "Size": {
      "UDim2": [
        [
          0.188477024435997,
          0
        ],
        [
          0.0651390552520752,
          0
        ]
      ]
    },
    "SizeConstraint": {
      "Enum": 0
    },
    "Text": "Back",
    "TextColor3": [
      0,
      0,
      0
    ],
    "TextSize": 22
  }
}