{
  "className": "TextButton",
  "properties": {
    "AutomaticSize": {
      "Enum": 0
    },
    "BackgroundColor3": [
      0.13725490868091583,
      0.13725490868091583,
      0.13725490868091583
    ],
    "BorderColor3": [
      0.05098039656877518,
      0.05098039656877518,
      0.05098039656877518
    ],
    "BorderMode": {
      "Enum": 0
    },
    "BorderSizePixel": 2,
    "FontFace": {
      "family": "rbxasset://fonts/families/GothamSSm.json",
      "style": "Normal",
      "weight": "Medium"
    },
    "Position": {
      "UDim2": [
        [
          0.35399994254112244,
          0
        ],
        [
          0.6830000281333923,
          0
        ]
      ]
    },
    "SelectionBehaviorDown": {
      "Enum": 0
    },
    "SelectionBehaviorLeft": {
      "Enum": 0
    },
    "SelectionBehaviorRight": {
      "Enum": 0
    },
    "SelectionBehaviorUp": {
      "Enum": 0
    },
    "Size": {
      "UDim2": [
        [
          0.28697723150253296,
          0
        ],
        [
          0.05457427352666855,
          0
        ]
      ]
    },
    "SizeConstraint": {
      "Enum": 0
    },
    "Style": {
      "Enum": 0
    },
    "Text": "Options",
    "TextColor3": [
      0.7921569347381592,
      0.7921569347381592,
      0.7921569347381592
    ],
    "TextSize": 19,
    "ZIndex": 10
  }
}