{
  "className": "ImageButton",
  "properties": {
    "Active": false,
    "AutomaticSize": {
      "Enum": 0
    },
    "BackgroundColor3": [
      0.9725490808486938,
      0.9725490808486938,
      0.9725490808486938
    ],
    "BorderColor3": [
      0.10588236153125763,
      0.16470588743686676,
      0.20784315466880798
    ],
    "BorderMode": {
      "Enum": 0
    },
    "BorderSizePixel": 0,
    "ImageContent": "rbxassetid://156579757",
    "Position": {
      "UDim2": [
        [
          -0.19492049515247345,
          0
        ],
        [
          0.06467600166797638,
          0
        ]
      ]
    },
    "Selectable": false,
    "Size": {
      "UDim2": [
        [
          0.16248075664043427,
          0
        ],
        [
          0.9353240728378296,
          0
        ]
      ]
    },
    "SizeConstraint": {
      "Enum": 2
    }
  }
}