{
  "className": "TextLabel",
  "properties": {
    "AutomaticSize": {
      "Enum": 0
    },
    "BackgroundColor3": [
      1,
      1,
      1
    ],
    "BackgroundTransparency": 1,
    "BorderColor3": [
      0.10588236153125763,
      0.16470588743686676,
      0.20784315466880798
    ],
    "BorderMode": {
      "Enum": 0
    },
    "FontFace": {
      "family": "rbxasset://fonts/families/GothamSSm.json",
      "style": "Normal",
      "weight": "Medium"
    },
    "Position": {
      "UDim2": [
        [
          0.01886792480945587,
          0
        ],
        [
          0.7384615540504456,
          0
        ]
      ]
    },
    "Size": {
      "UDim2": [
        [
          0.9622641801834106,
          0
        ],
        [
          0.23076923191547394,
          0
        ]
      ]
    },
    "SizeConstraint": {
      "Enum": 0
    },
    "Text": "Map Length: 5:20",
    "TextColor3": [
      1,
      1,
      1
    ],
    "TextSize": 11,
    "TextStrokeTransparency": 0.5,
    "TextXAlignment": {
      "Enum": 0
    }
  }
}