{
  "className": "ImageLabel",
  "properties": {
    "AutomaticSize": {
      "Enum": 0
    },
    "BackgroundColor3": [
      1,
      1,
      1
    ],
    "BackgroundTransparency": 1,
    "BorderColor3": [
      0.10588236153125763,
      0.16470588743686676,
      0.20784315466880798
    ],
    "BorderMode": {
      "Enum": 0
    },
    "BorderSizePixel": 0,
    "ImageContent": "rbxasset://textures/ui/GuiImagePlaceholder.png",
    "Position": {
      "UDim2": [
        [
          0.009999999776482582,
          0
        ],
        [
          0.019999999552965164,
          0
        ]
      ]
    },
    "Size": {
      "UDim2": [
        [
          0.30000001192092896,
          0
        ],
        [
          0.15000000596046448,
          0
        ]
      ]
    },
    "SizeConstraint": {
      "Enum": 0
    },
    "Visible": false
  }
}